ano,referencia,alcance,autoria,link
2026,"SILVA,Maria Luiza Fernandes; FARIAS, Sara Luiz de; MACHADO, Janiele de Farias; DUARTE, Manoela Amaral; SANTANA, Thalia Santos de; BRAGA, Ramayane Bonacin. Projeto Literário Feminista na Computação como Estratégia de Pertencimento e Formação Crítica de Gênero. In: WOMEN IN INFORMATION TECHNOLOGY (WIT),20., 2026, Gramado/RS. Anais [...]. Porto Alegre: Sociedade Brasileira de Computação, 2026 . p. 596-606. ISSN 2763-8626.",Nacional,Maria Luiza Fernandes Silva; Sara Luiz de Farias; Janiele de Farias Machado; Manoela Amaral Duarte; Thalia Santos de Santana; Ramayane Bonacin Braga,https://sol.sbc.org.br/index.php/wit/article/view/43390
2025,"FARIAS,Sara Luiz de; MACHADO, Janiele de Farias; SILVA, Maria Luiza Fernandes; SANTANA, Thalia Santos de; BRAGA, Ramayane Bonacin. Participação Feminina no Ensino Técnico e Superior em Computação: Uma Análise no Campus Ceres do IF Goiano. In: XIII Escola Regional de Informática de Goiás (ERI-GO) , 2025, Luziânia/GO. Anais [...]. Porto Alegre: Sociedade Brasileira de Computação, 2025. p. 215-223.",Nacional,Sara Luiz de Farias; Janiele de Farias Machado; Maria Luiza Fernandes Silva; Thalia Santos de Santana; Ramayane Bonacin Braga,https://sol.sbc.org.br/index.php/erigo/article/view/39524 
2025,"MACHADO,Janiele de Farias; CARVALHO, Alanna Leticia Pessoa de; OLIVEIRA, Ana Carolina Xavier de; FARIAS, Sara Luiz de; BRAGA, Ramayane Bonacin; SANTANA, Thalia Santos de. Promoção da Equidade de Gênero na Computação: Ações do Projeto Meninas Digitais no Cerrado na Rede Nacional RENACEE_MD. In: VII Integra IF Goiano, 15° Semapós, 14° CPPG, 7ª MIDEX e 2ª SIA , 2025. Anais [...]. Rio Verde: IF Goiano, 2025. p. 1229-1230.",Nacional,Janiele de Farias Machado; Alanna Leticia Pessoa de Carvalho; Ana Carolina Xavier de Oliveira; Sara Luiz de Farias; Ramayane Bonacin Braga; Thalia Santos de Santana,https://eventos.ifgoiano.edu.br/media/arquivos/ANAIS_2025_XIV_CPPG_compressed.pdf#page=1229 
2025,"BRAGA,Ramayane Bonacin; SANTANA, Thalia Santos de; FARIAS, Sara Luiz de; SÃO BERNARDO, Mirelle Amaral de; SOUSA, Marcos de Moraes. Experiences and trajectories of graduates of integrated high school in Informatics: a qualitative analysis on the project Meninas Digitais no Cerrado. In: XVII Latin American Women in Computing Congress (LAWCC) , 2025, Valparaíso, Chile. Anais [...]. 2025. p. 1-12.",Internacional,Ramayane Bonacin Braga; Thalia Santos de Santana; Sara Luiz de Farias; Mirelle Amaral de São Bernardo; Marcos de Moraes Sousa,https://ceur-ws.org/Vol-4185/paper3.pdf
2024,"FARIAS,Sara Luiz de; SANTANA, Thalia Santos de; SILVA, Maria Luiza Fernandes; BRAGA, Ramayane Bonacin; BRAGA, Adriano Honorato. “Era uma vez Lovelace”: Explorando a Contribuição Feminina na Computação por meio de um Jogo Didático. In: WOMEN IN INFORMATION TECHNOLOGY (WIT) , 18., 2024, Brasília/DF. Anais [...]. Porto Alegre: Sociedade Brasileira de Computação, 2024. p. 138-148. ISSN 2763-8626.",Nacional,Sara Luiz de Farias; Thalia Santos de Santana; Maria Luiza Fernandes Silva; Ramayane Bonacin Braga; Adriano Honorato Braga,https://doi.org/10.5753/wit.2024.2555 
2024,"BRAGA,Ramayane Bonacin; SÃO BERNARDO, Mirelle Amaral de; FARIAS, Sara Luiz de; SANTANA, Thalia Santos de; SOUSA, Marcos de Moraes. Initiatives of Female Empowerment in Computing Implemented at the High School Level: A Systematic Mapping. Societies , v. 14, n. 9, p. 167, 2024.",Nacional,Ramayane Bonacin Braga; Mirelle Amaral de São Bernardo; Sara Luiz de Farias; Thalia Santos de Santana; Marcos de Moraes Sousa,https://doi.org/10.3390/soc14090167
2024,"SILVA,Maria Luiza Fernandes; FARIAS, Sara Luiz de; SANTANA, Thalia Santos de; BRAGA, Ramayane Bonacin; BRAGA, Adriano Honorato. Um Jogo da Memória como Instrumento da Prática Extensionista: Recontando a História das Mulheres na Computação. In: XII Escola Regional de Informática de Goiás (ERI-GO) , 2024, Ceres/GO. Anais [...]. Porto Alegre: Sociedade Brasileira de Computação, 2024. p. 235-238.",Nacional,Maria Luiza Fernandes Silva; Sara Luiz de Farias; Thalia Santos de Santana; Ramayane Bonacin Braga; Adriano Honorato Braga,https://doi.org/10.5753/erigo.2024.4855
2024,"SILVA,Maria Luiza Fernandes; FARIAS, Sara Luiz de; SANTANA, Thalia Santos de; BRAGA, Ramayane Bonacin; BRAGA, Adriano Honorato. Meninas Digitais no Cerrado: trabalhando o tripé de ensino, pesquisa e extensão em um projeto de empoderamento feminino na tecnologia. In: XII Escola Regional de Informática de Goiás (ERI-GO) , 2024, Ceres/GO. Anais [...]. Porto Alegre: Sociedade Brasileira de Computação, 2024. p. 259-260.",Nacional,Maria Luiza Fernandes Silva; Sara Luiz de Farias; Thalia Santos de Santana; Ramayane Bonacin Braga; Adriano Honorato Braga,https://doi.org/10.5753/erigo.2024.5093
2023,"BRAGA,Ramayane Bonacin. Meninas Digitais no Cerrado: Um estudo de caso sobre um projeto de empoderamento feminino na Computação do IF Goiano - Campus Ceres. 143 f. Dissertação (Programa de Pós-Graduação em Educação Profissional e Tecnológica - ProfEPT) , Instituto Federal Goiano, Ceres, 2023.",Nacional,Ramayane Bonacin Braga,https://repositorio.ifgoiano.edu.br/handle/prefix/4141
2023,"FARIAS,Sara Luiz de; NUNES, Maria Isabela Silva; LOUZADA, Natália do Carmo; SANTANA, Thalia Santos de; BRAGA, Ramayane Bonacin; BRAGA, Adriano Honorato. The Brazilian Professional, Scientific, and Technological Education System as an Instrument for Promoting Gender Equality in Computing. Proceedings XV Congress of Latin American Women in Computing 2023 , October 16–20, 2023, La Paz, Bolivia.",Internacional,Sara Luiz de Farias; Maria Isabela Silva Nunes; Natália do Carmo Louzada; Thalia Santos de Santana; Ramayane Bonacin Braga; Adriano Honorato Braga,https://ceur-ws.org/Vol-3607/paper18.pdf
2023,"SILVA,Maria Luiza Fernandes; FARIAS, Sara Luiz de; SANTANA, Thalia Santos de; BRAGA, Ramayane Bonacin; BRAGA, Adriano Honorato. MENINAS DIGITAIS NO CERRADO: INCENTIVANDO MULHERES NA COMPUTAÇÃO POR MEIO DA DIVULGAÇÃO CIENTÍFICA EM MÍDIAS SOCIAIS. V Integra IF Goiano, Setembro, 2023.",Nacional,Maria Luiza Fernandes Silva; Sara Luiz de Farias; Thalia Santos de Santana; Ramayane Bonacin Braga; Adriano Honorato Braga,https://repositorio.ifgoiano.edu.br/bitstream/prefix/5161/1/e-book_Anais%20do%20V%20Integra%20IF%20Goiano%3A%20Inclus%C3%A3o%20e%20Sustentabilidade.pdf
2023,"CAMARGO,Letícia Santos; SOUSA, Marcos de Moraes; BRAGA, Ramayane Bonacin. Contribuições do projeto Meninas Digitais no Cerrado no âmbito do IF Goiano - Campus Ceres. V Integra IF Goiano, Setembro, 2023.",Nacional,Letícia Santos Camargo; Marcos de Moraes Sousa; Ramayane Bonacin Braga,https://repositorio.ifgoiano.edu.br/bitstream/prefix/5161/1/e-book_Anais%20do%20V%20Integra%20IF%20Goiano%3A%20Inclus%C3%A3o%20e%20Sustentabilidade.pdf
2022,"FARIAS,Sara Luiz de; SANTANA, Thalia Santos de; BRAGA, Ramayane Bonacin; GARCIA, Gabryella da Silva; LOUZADA, Natália do Carmo; BRAGA, Adriano Honorato. A relevância de projetos como o Meninas Digitais no Cerrado para a diversidade de gênero na computação brasileira. In: Anais do Computer on the Beach , v. 13, 2022. p. 359-362. ISSN 2358-0852.",Nacional,Sara Luiz de Farias; Thalia Santos de Santana; Ramayane Bonacin Braga; Gabryella da Silva Garcia; Natália do Carmo Louzada; Adriano Honorato Braga,https://periodicos.univali.br/index.php/acotb/article/view/18841
2022,"GARCIA,Gabryella da S.; FARIAS, Sara L. de; SILVA, Maria Alice N.; CAMARGO, Letícia S.; SANTANA, Thalia S. de; BRAGA, Ramayane B.; BRAGA, Adriano H.; LOUZADA, Natália do C. Fortalecendo Laços entre Egressas de Cursos de Tecnologia da Informação e um Projeto de Empoderamento Feminino. In: WOMEN IN INFORMATION TECHNOLOGY (WIT) , 16.,2022, Niterói. Anais [...]. Porto Alegre: Sociedade Brasileira de Computação, 2022. p. 56-66. ISSN 2763-8626.",Nacional,Gabryella da Silva Garcia; Sara Luiz de Farias; Maria Alice Nunes Silva; Letícia Santos Camargo; Thalia Santos de Santana; Ramayane Bonacin Braga; Adriano Honorato Braga; Natália do Carmo Louzada,https://sol.sbc.org.br/index.php/wit/article/view/20859
2022,"BRAGA,Ramayane; SOUSA, Marcos; SÃO BERNARDO, Mirelle. O PROJETO MENINAS DIGITAIS NO CERRADO: AÇÕES DE EXTENSÃO NO PERÍODO DE PANDEMIA. Ciclo Revista – Práticas educacionais durante a pandemia: vivências e aprendizados , v. 06, n. 01, 2022. p. 262-272.",Nacional,Ramayane Bonacin Braga; Marcos de Moraes Sousa; Mirelle Amaral de São Bernardo,https://periodicos.ifgoiano.edu.br/ciclo/issue/view/84/61#page=262
2021,"SILVA,Maria Alice N.; SANTANA, Thalia S.; BRAGA, Adriano H. Uma análise do rendimento escolar por área de conhecimento como forma de desmistificação de estereótipos de gênero em Computação. In: Simpósio Brasileiro de Informática na Educação , 32., 2021, Online. Anais [...]. Porto Alegre: Sociedade Brasileira de Computação, 2021. p. 1330-1339.",Nacional,Maria Alice Nunes Silva; Thalia Santos de Santana; Adriano Honorato Braga,https://sol.sbc.org.br/index.php/sbie/article/view/18154
2021,"SANTANA,Thalia Santos de; BRAGA, Adriano Honorato. A scientific research overview at the Brazilian Computer Society Congress: a feminine perspective. Proceedings XIII Congress of Latin American Women in Computing 2021 , October 25–29, 2021, San José, Costa Rica. CEUR Workshop Proceedings (CEUR-WS.org), p. 91-112.",Internacional,Thalia Santos de Santana; Adriano Honorato Braga,https://ceur-ws.org/Vol-3000/paper195.pdf
2021,"FARIAS,Sara Luiz de; NUNES, Maria Isabela Silva; SANTANA, Thalia Santos de; BRAGA, Ramayane Bonacin; BRAGA, Adriano Honorato; LOUZADA, Natália do Carmo. A interdisciplinaridade em um curso de extensão como forma de empoderamento feminino na computação. In: WOMEN IN INFORMATION TECHNOLOGY (WIT) , 15., 2021, Evento Online. Anais [...]. Porto Alegre: Sociedade Brasileira de Computação, 2021. p. 260-264. ISSN 2763-8626.",Nacional,Sara Luiz de Farias; Maria Isabela Silva Nunes; Thalia Santos de Santana; Ramayane Bonacin Braga; Adriano Honorato Braga; Natália do Carmo Louzada,https://sol.sbc.org.br/index.php/wit/article/view/15862
2021,"LOPES,Láyza Ferreira; SANTANA, Thalia Santos de; BRAGA, Adriano Honorato. UMA ANÁLISE POR GÊNERO DE ESTUDANTES DOS CURSOS DE INFORMÁTICA NA PLATAFORMA NILO PEÇANHA. In: Resumos Publicados - III Integra IF Goiano , 2021.",Nacional,Láyza Ferreira Lopes; Thalia Santos de Santana; Adriano Honorato Braga,https://eventos.ifgoiano.edu.br/media/trabalhos/Corrigido_-_Trabalho_L%C3%A1yza_Lopes_-_Integra_IF_Goiano_2021.docx.pdf
2021,"NUNES,Maria Isabela Silva; FARIAS, Sara Luiz de; LOUZADA, Natália do Carmo; SANTANA, Thalia Santos de; BRAGA, Ramayane Bonacin; BRAGA, Adriano Honorato. Êxitos e desafios na experiência de extensão online: Curso Meninas Digitais no Cerrado ""Trabalhando o empoderamento feminino por meio da história das mulheres na computação"". In: IV Encontro de Licenciaturas e Pesquisa em Educação (Elped) , Ciclo Revista: Experiências em Formação no IF Goiano, v. 5, n. 1, 2021.",Nacional,Maria Isabela Silva Nunes; Sara Luiz de Farias; Natália do Carmo Louzada; Thalia Santos de Santana; Ramayane Bonacin Braga; Adriano Honorato Braga,https://elped.ifgoiano.edu.br/
2021,"NUNES,Maria Isabela Silva; FARIAS, Sara Luiz de; BRAGA, Adriano Honorato; SANTANA, Thalia Santos de; BRAGA, Ramayane Bonacin; LOUZADA, Natália do Carmo. Promoção da equidade de gênero por meio de ações extensionistas das Meninas Digitais no Cerrado em tempos de Pandemia. In: Anais do Computer on the Beach , v. 12, 2021. p. 596-599. ISSN 2358-0852.",Nacional,Maria Isabela Silva Nunes; Sara Luiz de Farias; Adriano Honorato Braga; Thalia Santos de Santana; Ramayane Bonacin Braga; Natália do Carmo Louzada,https://siaiap32.univali.br/seer/index.php/acotb/article/view/17484
2020,"SILVA,Maria Alice N.; SANTANA, Thalia S.; CAMARGO, Letícia S.; LOUZADA, Natália C.; BRAGA, Ramayane B.; BRAGA, Adriano H. Onde estão as mulheres nessa história? Uma oficina sobre representatividade feminina nas ciências. In: WOMEN IN INFORMATION TECHNOLOGY (WIT) , 14. , 2020, Cuiabá. Anais [...]. Porto Alegre: Sociedade Brasileira de Computação, 2020 . p. 249-253. ISSN 2763-8626.",Nacional,Maria Alice Nunes Silva; Thalia Santos de Santana; Letícia Santos Camargo; Natália do Carmo Louzada; Ramayane Bonacin Braga; Adriano Honorato Braga,https://sol.sbc.org.br/index.php/wit/article/view/11304
2020,"SANTANA,Thalia S.; BRAGA, Adriano H. Uma Análise Cienciométrica das Publicações do Congresso da Sociedade Brasileira de Computação na Perspectiva das Mulheres na Computação. In: WOMEN IN INFORMATION TECHNOLOGY (WIT) , 14., 2020, Cuiabá. Anais [...]. Porto Alegre: Sociedade Brasileira de Computação, 2020. p. 279-283. ISSN 2763-8626.",Nacional,Thalia Santos de Santana; Adriano Honorato Braga,https://sol.sbc.org.br/index.php/wit/article/view/11310
2020,"SANTANA,Thalia S.; CAMARGO, Letícia S.; BRAGA, Ramayane B.; LOUZADA, Natália C.; BRAGA, Adriano H. Empoderar Meninas pelo Design: a Experiência de um Curso Online de Artes Digitais em período de Quarentena. SBC Horizontes. ISSN: 2175-9235. Disponível em: <http://horizontes.sbc.org.br/index.php/2020/06/empoderar-pelo-design/> .",Nacional,Thalia Santos de Santana; Letícia Santos Camargo; Ramayane Bonacin Braga; Natália do Carmo Louzada; Adriano Honorato Braga,http://horizontes.sbc.org.br/index.php/2020/06/15/empoderar-pelo-design/
2019,"SANTANA,Thalia Santos de. Um Panorama das Pesquisas Científicas na Área de Ciência da Computação: Uma Perspectiva Feminina. 43 f. Monografia (Bacharelado em Sistemas de Informação) , Instituto Federal Goiano, Ceres, 2019.",Nacional,Thalia Santos de Santana,https://repositorio.ifgoiano.edu.br/bitstream/prefix/809/1/tcc_THALIA_SANTANA.pdf
2019,"SANTANA,Thalia Santos de; ASSIS, Ianka Talita Bastos de; CAMARGO, Letícia dos Santos; BRAGA, Adriano Honorato; BRAGA, Ramayane Bonacin; LOUZADA, Natália do Carmo. Meninas Digitais no Cerrado: Experiências de empoderamento feminino em computação. In: Anais do Integra IF Goiano. 2019 Out 01-04; Ceres, Brasil. (GO): Journal of human growth and development; 2019. p. 1714. ISSN 0104-1282. e-ISSN 2175-3598.",Nacional,Thalia Santos de Santana; Ianka Talita Bastos de Assis; Letícia Santos Camargo; Adriano Honorato Braga; Ramayane Bonacin Braga; Natália do Carmo Louzada,http://ciscacongresso.com.br/wp-content/uploads/2020/01/Anais_Integra_IF_08.12_FINAL.pdf#page=1714
2019,"CAMARGO,Letícia Santos; SANTANA, Thalia Santos de; BRAGA, Adriano Honorato; BRAGA, Ramayane Bonacin. Meninas Digitais no Cerrado: Uma análise comparativa por gênero e rendimento acadêmico de estudantes de cursos técnicos e de graduação. In: Anais do Integra IF Goiano. 2019 Out 01-04; Ceres, Brasil. (GO): Journal of human growth and development; 2019. p. 1219. ISSN 0104-1282. e-ISSN 2175-3598.",Nacional,Letícia Santos Camargo; Thalia Santos de Santana; Adriano Honorato Braga; Ramayane Bonacin Braga,http://ciscacongresso.com.br/wp-content/uploads/2020/01/Anais_Integra_IF_08.12_FINAL.pdf#page=1219
2019,"LOUZADA,Natália; SANTANA, Thalia; ASSIS, Ianka; BRAGA, Ramayane; BRAGA, Adriano. Agindo sobre a diferença: atividades de empoderamento feminino em prol da permanência de mulheres em cursos de Tecnologia da Informação. In: WOMEN IN INFORMATION TECHNOLOGY (WIT) , 13., 2019, Belém. Anais [...]. Porto Alegre: Sociedade Brasileira de Computação, 2019. p. 69-78. ISSN 2763-8626.",Nacional,Natália do Carmo Louzada; Thalia Santos de Santana; Ianka Talita Bastos de Assis; Ramayane Bonacin Braga; Adriano Honorato Braga,https://sol.sbc.org.br/index.php/wit/article/view/6714
2019,"CAMARGO,Letícia Santos; SANTANA, Thalia Santos; BRAGA, Ramayane Bonacin; BRAGA, Adriano Honorato. O rendimento acadêmico como análise de gênero nos cursos de Informática do Campus Ceres. In: Resumos da III Semana acadêmica do Campus Ceres. 2019, Ceres, GO: IF Goiano. p. 98. ISSN 2526-835X.",Nacional,Letícia Santos Camargo; Thalia Santos de Santana; Ramayane Bonacin Braga; Adriano Honorato Braga,https://doity.com.br/semanaacademica/blog/anais
2019,"CAMARGO,Letícia Santos; BRAGA, Ramayane Bonacin; BRAGA, Adriano Honorato. Meninas Digitais no Cerrado: Ações que empoderam e ajudam na permanência de meninas em cursos de TI. In: Anais do Computer on the Beach, v. 11, 2019, Florianópolis. p. 871-878. ISSN 2358-0852.",Nacional,Letícia Santos Camargo; Ramayane Bonacin Braga; Adriano Honorato Braga,https://siaiap32.univali.br/seer/index.php/acotb/article/view/14454
2018,"CAMARGO,Letícia Santos; SILVA, Gabriella Marina Ribeiro Nunes; BRAGA, Adriano Honorato; BRAGA, Ramayane Bonacin; SANTANA, Thalia Santos de. Meninas Digitais no Cerrado: Mulheres nos cursos técnicos e de graduação em Informática e no campo de trabalho de Tecnologia da Informação. In: 7º CEICT, 7º CPPG e 8º Semapós . Anais do Congresso Estadual de Iniciação Científica e Tecnológica do IF Goiano, Congresso de Pesquisa e Pós-Graduação do Campus Rio Verde e Seminário de Avaliação dos Programas de Pós-Graduação do IF Goiano. Anais...Rio Verde (GO) IF Goiano, 2018. ISSN 2318-4582.",Nacional,Letícia Santos Camargo; Gabriella Marina Ribeiro Nunes Silva; Adriano Honorato Braga; Ramayane Bonacin Braga; Thalia Santos de Santana,https://www.even3.com.br/anais/7ceict/113379-meninas-digitais-no-cerrado--mulheres-nos-cursos-tecnicos-e-de-graduacao-em-informatica-e-no-campo-de-trabalho-de/
2018,"Equipe Meninas Digitais no Cerrado. Meninas Digitais no Cerrado: um projeto. INFORMATIVO DA GERÊNCIA DE PÓS-GRADUAÇÃO, PEQUISA E INOVAÇÃO. Instituto Federal Goiano - Campus Ceres. Nº 009 novembro/2018.",Nacional,Equipe Meninas Digitais no Cerrado,https://suap.ifgoiano.edu.br/media/documentos/arquivos/Informativo_GPPI_009-2018.pdf
2017,"SANTANA​, Thalia S.; ASSIS​, Ianka T. B.; BRAGA, Ramayane B.; LOUZADA​, Natália C. A importância de atividades de empoderamento feminino como forma de minimizar a evasão das mulheres nos cursos de Tecnologia da Informação. In: WOMEN IN INFORMATION TECHNOLOGY (WIT) , 11., 2017, São Paulo. Anais [...]. Porto Alegre: Sociedade Brasileira de Computação, 2017. ISSN 2763-8626.",Nacional,Thalia Santos de Santana; Ianka Talita Bastos de Assis; Ramayane Bonacin Braga; Natália do Carmo Louzada,https://sol.sbc.org.br/index.php/wit/article/view/3407
